{
  "Surface": {
    "Surface-Background": {
      "$type": "color",
      "$value": "{Grey.3}"
    },
    "Surface-Hover": {
      "$type": "color",
      "$value": "{Grey.3}"
    },
    "Surface-Disabled": {
      "$type": "color",
      "$value": "{Grey.3}"
    },
    "Surface-Pressed": {
      "$type": "color",
      "$value": "{Grey.5}"
    },
    "Surface-Selected": {
      "$type": "color",
      "$value": "{Grey.4}"
    },
    "Surface-Brand-Disabled": {
      "$type": "color",
      "$value": "{Brand.4}"
    },
    "Surface-Brand-Selected": {
      "$type": "color",
      "$value": "{Brand.1}"
    },
    "Surface-Brand-Pressed": {
      "$type": "color",
      "$value": "{Brand.5}"
    },
    "Surface-Brand-Hover": {
      "$type": "color",
      "$value": "{Brand.2}"
    },
    "Surface-Brand-Default": {
      "$type": "color",
      "$value": "{Brand.1}"
    },
    "Surface-Success-Tertiary": {
      "$type": "color",
      "$value": "{Green.12}"
    },
    "Surface-Success-Secondary": {
      "$type": "color",
      "$value": "{Green.9}"
    },
    "Surface-Success-Default": {
      "$type": "color",
      "$value": "{Green.2}"
    },
    "Surface-Error-Tertiary": {
      "$type": "color",
      "$value": "{Red.12}"
    },
    "Surface-Error-Secondary": {
      "$type": "color",
      "$value": "{Red.9}"
    },
    "Surface-Error-Default": {
      "$type": "color",
      "$value": "{Red.2}"
    },
    "Surface-Warning-Tertiary": {
      "$type": "color",
      "$value": "{Yellow.12}"
    },
    "Surface-Warning-Secondary": {
      "$type": "color",
      "$value": "{Yellow.9}"
    },
    "Surface-Warning-Default": {
      "$type": "color",
      "$value": "{Yellow.2}"
    },
    "Surface-Secondary-Default": {
      "$type": "color",
      "$value": "{Grey.2}"
    },
    "Surface-Secondary-Disabled": {
      "$type": "color",
      "$value": "{Grey.4}"
    },
    "Surface-Secondary-Selected": {
      "$type": "color",
      "$value": "{Grey.5}"
    },
    "Surface-Secondary-Pressed": {
      "$type": "color",
      "$value": "{Grey.6}"
    },
    "Surface-Secondary-Hover": {
      "$type": "color",
      "$value": "{Grey.4}"
    },
    "Surface-Tertiary-Selected": {
      "$type": "color",
      "$value": "{Grey.6}"
    },
    "Surface-Tertiary-Hover": {
      "$type": "color",
      "$value": "{Grey.5}"
    },
    "Surface-Tertiary-Default": {
      "$type": "color",
      "$value": "{Grey.4}"
    },
    "Surface-Tertiary-Pressed": {
      "$type": "color",
      "$value": "{Grey.7}"
    },
    "Surface-Tertiary-Disabled": {
      "$type": "color",
      "$value": "{Grey.5}"
    },
    "Surface-Default": {
      "$type": "color",
      "$value": "{Grey.1}"
    },
    "Surface-Brand-Secondary-Hover": {
      "$type": "color",
      "$value": "{Brand.3}"
    },
    "Surface-Brand-Secondary-Default": {
      "$type": "color",
      "$value": "{Brand.2}"
    },
    "Surface-Brand-Secondary-Pressed": {
      "$type": "color",
      "$value": "{Brand.6}"
    },
    "Surface-Brand-Secondary-Disabled": {
      "$type": "color",
      "$value": "{Brand.5}"
    },
    "Surface-Brand-Secondary-Selected": {
      "$type": "color",
      "$value": "{Brand.2}"
    },
    "Surface-Brand-Tertiary-Selected": {
      "$type": "color",
      "$value": "{Brand.9}"
    },
    "Surface-Brand-Tertiary-Disabled": {
      "$type": "color",
      "$value": "{Brand.6}"
    },
    "Surface-Brand-Tertiary-Pressed": {
      "$type": "color",
      "$value": "{Brand.14}"
    },
    "Surface-Brand-Tertiary-Hover": {
      "$type": "color",
      "$value": "{Brand.12}"
    },
    "Surface-Brand-Tertiary-Default": {
      "$type": "color",
      "$value": "{Brand.9}"
    },
    "Surface-Inverse-Default": {
      "$type": "color",
      "$value": "{Grey.16}"
    },
    "Surface-Inverse-Hover": {
      "$type": "color",
      "$value": "{Grey.14}"
    },
    "Surface-Inverse-Pressed": {
      "$type": "color",
      "$value": "{Grey.13}"
    },
    "Surface-Inverse-Disabled": {
      "$type": "color",
      "$value": "{Grey.11}"
    },
    "Surface-Inverse-Selected": {
      "$type": "color",
      "$value": "{Grey.12}"
    },
    "Surface-Inverse-Secondary-Default": {
      "$type": "color",
      "$value": "{Grey.15}"
    },
    "Surface-Inverse-Tertiary-Default": {
      "$type": "color",
      "$value": "{Grey.13}"
    },
    "Surface-Neutral-Default": {
      "$type": "color",
      "$value": "{Grey.5}"
    },
    "Surface-Neutral-Secondary": {
      "$type": "color",
      "$value": "{Grey.12}"
    },
    "Surface-Neutral-Tertiary": {
      "$type": "color",
      "$value": "{Grey.14}"
    },
    "Surface-Inverse-Secondary-Selected": {
      "$type": "color",
      "$value": "{Grey.11}"
    },
    "Surface-Inverse-Secondary-Disabled": {
      "$type": "color",
      "$value": "{Grey.10}"
    },
    "Surface-Inverse-Secondary-Pressed": {
      "$type": "color",
      "$value": "{Grey.12}"
    },
    "Surface-Inverse-Secondary-Hover": {
      "$type": "color",
      "$value": "{Grey.13}"
    },
    "Surface-Inverse-Tertiary-Selected": {
      "$type": "color",
      "$value": "{Grey.10}"
    },
    "Surface-Inverse-Tertiary-Disabled": {
      "$type": "color",
      "$value": "{Grey.9}"
    },
    "Surface-Inverse-Tertiary-Pressed": {
      "$type": "color",
      "$value": "{Grey.11}"
    },
    "Surface-Inverse-Tertiary-Hover": {
      "$type": "color",
      "$value": "{Grey.12}"
    },
    "Surface-Brand-Quaternary-Default": {
      "$type": "color",
      "$value": "{Brand.12}"
    }
  },
  "Text": {
    "Text-Default": {
      "$type": "color",
      "$value": "{Grey.16}"
    },
    "Text-Secondary": {
      "$type": "color",
      "$value": "{Grey.14}"
    },
    "Text-Tertiary": {
      "$type": "color",
      "$value": "{Grey.12}"
    },
    "Text-Error-Default": {
      "$type": "color",
      "$value": "{Red.16}"
    },
    "Text-Brand-Default": {
      "$type": "color",
      "$value": "{Brand.9}"
    },
    "Text-warning-Default": {
      "$type": "color",
      "$value": "{Yellow.16}"
    },
    "Text-Success-Default": {
      "$type": "color",
      "$value": "{Green.16}"
    },
    "Text-Brand-Secondary": {
      "$type": "color",
      "$value": "{Brand.16}"
    },
    "Text-Inverse-Default": {
      "$type": "color",
      "$value": "{Grey.10}"
    },
    "Text-Inverse-Secondary": {
      "$type": "color",
      "$value": "{Grey.9}"
    },
    "Text-Inverse-Tertiary": {
      "$type": "color",
      "$value": "{Grey.8}"
    }
  },
  "Border": {
    "Stroke-subtle": {
      "$type": "color",
      "$value": "{Grey.4}"
    },
    "Stroke-Default": {
      "$type": "color",
      "$value": "{Grey.6}"
    },
    "Stroke-Medium": {
      "$type": "color",
      "$value": "{Grey.7}"
    },
    "Stroke-Brand": {
      "$type": "color",
      "$value": "{Orange.3}"
    },
    "Stroke-Error": {
      "$type": "color",
      "$value": "{Red.9}"
    },
    "Stroke-Success": {
      "$type": "color",
      "$value": "{Green.9}"
    },
    "Stroke-Warning": {
      "$type": "color",
      "$value": "{Yellow.9}"
    },
    "Stroke-Disabled": {
      "$type": "color",
      "$value": "{Grey.6}"
    },
    "Stroke-Brand-Active": {
      "$type": "color",
      "$value": "{Brand.10}"
    },
    "Stroke-Hover": {
      "$type": "color",
      "$value": "{Grey.6}"
    },
    "Stroke-Pressed": {
      "$type": "color",
      "$value": "{Grey.6}"
    },
    "Stroke-Brand-Active 2": {
      "$type": "color",
      "$value": "{Brand.10}"
    }
  },
  "Dropshadow": {
    "success-default": {
      "$type": "color",
      "$value": "#141414"
    }
  },
  "Icon": {
    "Icon-Brand-Default": {
      "$type": "color",
      "$value": "{Brand.9}"
    },
    "Icon-Brand-Secondary": {
      "$type": "color",
      "$value": "{Brand.10}"
    },
    "Icon-Success-Default": {
      "$type": "color",
      "$value": "{Green.9}"
    },
    "Icon-Critical-Default": {
      "$type": "color",
      "$value": "{Red.9}"
    },
    "Icon-Caution-Default": {
      "$type": "color",
      "$value": "{Yellow.9}"
    },
    "Icon-Default": {
      "$type": "color",
      "$value": "{Grey.13}"
    },
    "Icon-Secondary": {
      "$type": "color",
      "$value": "{Grey.16}"
    },
    "Icon-Disabled": {
      "$type": "color",
      "$value": "{Grey.9}"
    },
    "Icon-Inverse-Default": {
      "$type": "color",
      "$value": "{Grey.1}"
    },
    "Icon-Inverse-Secondary": {
      "$type": "color",
      "$value": "{Grey.3}"
    },
    "Icon-Inverse-Tertiary": {
      "$type": "color",
      "$value": "{Grey.13}"
    },
    "Icon-Success-Secondary": {
      "$type": "color",
      "$value": "{Green.12}"
    },
    "Icon-Critical-Secondary": {
      "$type": "color",
      "$value": "{Red.12}"
    },
    "Icon-Caution-Secondary": {
      "$type": "color",
      "$value": "{Yellow.12}"
    }
  },
  "Border Radius": {
    "4": {
      "$type": "borderRadius",
      "$value": "{units.4}"
    },
    "80": {
      "$type": "borderRadius",
      "$value": "{units.80}"
    },
    "Full": {
      "$type": "borderRadius",
      "$value": "{units.250}"
    }
  },
  "Iconbutton": {
    "Iconbutton-Background": {
      "$type": "color",
      "$value": "{Orange.9}"
    },
    "Iconbutton-surface": {
      "$type": "color",
      "$value": "{Orange.Glass.9}"
    },
    "Iconbutton-Border-radius": {
      "$type": "number",
      "$value": 2
    }
  }
}