{
  "Brand": {
    "1": {
      "$type": "color",
      "$value": "{Orange.1}"
    },
    "2": {
      "$type": "color",
      "$value": "{Orange.2}"
    },
    "3": {
      "$type": "color",
      "$value": "{Orange.3}"
    },
    "4": {
      "$type": "color",
      "$value": "{Orange.4}"
    },
    "5": {
      "$type": "color",
      "$value": "{Orange.5}"
    },
    "6": {
      "$type": "color",
      "$value": "{Orange.6}"
    },
    "7": {
      "$type": "color",
      "$value": "{Orange.7}"
    },
    "8": {
      "$type": "color",
      "$value": "{Orange.8}"
    },
    "9": {
      "$type": "color",
      "$value": "{Orange.9}"
    },
    "10": {
      "$type": "color",
      "$value": "{Orange.10}"
    },
    "11": {
      "$type": "color",
      "$value": "{Orange.11}"
    },
    "12": {
      "$type": "color",
      "$value": "{Orange.12}"
    },
    "13": {
      "$type": "color",
      "$value": "{Orange.13}"
    },
    "14": {
      "$type": "color",
      "$value": "{Orange.14}"
    },
    "15": {
      "$type": "color",
      "$value": "{Orange.15}"
    },
    "16": {
      "$type": "color",
      "$value": "{Orange.16}"
    },
    "Glass": {
      "1": {
        "$type": "color",
        "$value": "{Orange.Glass.1}"
      },
      "2": {
        "$type": "color",
        "$value": "{Orange.Glass.2}"
      },
      "3": {
        "$type": "color",
        "$value": "{Orange.Glass.3}"
      },
      "4": {
        "$type": "color",
        "$value": "{Orange.Glass.4}"
      },
      "5": {
        "$type": "color",
        "$value": "{Orange.Glass.5}"
      },
      "6": {
        "$type": "color",
        "$value": "{Orange.Glass.6}"
      },
      "7": {
        "$type": "color",
        "$value": "{Orange.Glass.7}"
      },
      "8": {
        "$type": "color",
        "$value": "{Orange.Glass.8}"
      },
      "9": {
        "$type": "color",
        "$value": "{Orange.Glass.9}"
      },
      "10": {
        "$type": "color",
        "$value": "{Orange.Glass.10}"
      },
      "11": {
        "$type": "color",
        "$value": "{Orange.Glass.11}"
      },
      "12": {
        "$type": "color",
        "$value": "{Orange.Glass.12}"
      },
      "13": {
        "$type": "color",
        "$value": "{Orange.Glass.13}"
      },
      "14": {
        "$type": "color",
        "$value": "{Orange.Glass.14}"
      },
      "15": {
        "$type": "color",
        "$value": "{Orange.Glass.15}"
      },
      "16": {
        "$type": "color",
        "$value": "{Orange.Glass.16}"
      }
    }
  }
}